{"general.fontsize":"<size=85%>","general.appname":"RiiSU","general.loadinganims":"Loading...","general.backtomenu":"RiiSU Menu","warning.description":"WELCOME TO RiiSU LAUNCHER!\nIF THE APP CRASHES, \nREAD THE INFO AT THE URL BELOW","settings.target.gamename":"Game Title","settings.target.args":"Startup Args","settings.target.emulatorargs":"Emu Properties","settings.target.gameargs":"Game Properties","settings.target.generalargs":"Channel Properties","settings.target.fileargs":"File Properties","settings.target.webargs":"Web Properties","settings.target.appargs":"App Properties","settings.target.webhookargs":"Webhook Properties","settings.target.webhookpopup":"Show Popup?","settings.target.activity":"Activity Name","settings.target.extra":"App Parameters","settings.target.boxcolor":"Box Color","settings.target.rotatebox":"Rotate Box?","settings.target.retrocore":"RetroArch Core","settings.target.coversource":"Cover Source","settings.target.coverfull":"All (Front & Back)","settings.target.webhookreply":"JSON Reply Param","ap.title.welcome":"Welcome to\nContent Hub!","ap.title.description":"Here you can download banners and themes created by other users.","ap.title.upload":"Choose what you would like to upload:","ap.title.browse":"Choose what you would like to browse:","ap.title.onlyfavs":"Favorites Only","ap.title.findanims":"Find New Banners\t","ap.title.findthemes":"Find New Themes\t","ap.title.reviewcontent":"Review Content\t","ap.title.reviewratings":"Review Ratings","ap.title.logout":"Log Out","ap.title.hubsettings":"Content Hub Settings","popup.messagingapp.1":"Select your preferred messaging app!\nIt will open when you click the Mail button.","popup.savechannel":"Do you want to save the banner?","popup.retrievingapps":"Retrieving your apps.\nThis will take a few seconds...","settings.title.animtype":"Animation Type","settings.title.selectapp":"Select an App","settings.title.selecttype":"Choose a Mode","settings.title.channelcreation":"Create a Channel","settings.button.clone":"Copy","settings.button.themeeditor":"Theme Workshop","settings.button.newwallpaper":"Change Wallpaper","settings.target.openapp":"Open App","settings.target.openappmock":"Open App (mock)","settings.target.openwebhook":"Trigger Webhook","settings.target.opengame":"Launch ROMs","settings.target.openfile":"Open File","settings.target.opensteam":"Launch Steam Game","preferences.discord.title":"Join the Discord","preferences.12hformat.title":"AM/PM Time Format","preferences.autoapps.title":"Auto Open Apps","preferences.americandate.title":"US Date Format","preferences.12hformat.description":"If enabled, displays time from 12-11 AM/PM. When disabled, shows hours from 0-23.","preferences.americandate.description":"When enabled, it changes the date format to MM/DD instead of DD/MM. Recommended.","preferences.autoapps.description":"When enabled, it automatically loads the app. Disable to view banners.","preferences.fullscreen.description":"When enabled, opens the app in Fullscreen. (Desktop only.)","preferences.numberofpages.description":"Defines how many pages the launcher can have.","preferences.musicvolume.description":"Toggles how loud the music is.","preferences.sfxvolume.description":"Toggles how loud the sounds are.","preferences.scale.description":"Allows you to change the size of the window. (Desktop.)","preferences.wiimotes.title":"Wii Remotes","preferences.pairwiimotes.title":"Pair Wii Remotes","preferences.wiimotes.nunchunk.title":"Nunchuck Sensitivity","preferences.improvememory.title":"Improve Memory Use?","preferences.fadeout.title":"Transition Speed","preferences.lowmemorymode.title":"Low Memory Mode","preferences.decimalstring.title":"Fix Decimal Points","preferences.fpslimit.title":"FPS","preferences.sdcard.title":"SD Card Menu","preferences.sdcard.description":"Displays the SD Card button on the launcher, which when pressed, shows all apps.","preferences.holdchannel.title":"Hold a Channel for Options","preferences.holdchannel.description":"This option enables a menu that appears when you hold a channel. Allowing you to modify it.\nYou can perform the same actions by lifting the channel to the respective icons.","preferences.allowswipe.title":"Swipe to Change Pages","preferences.allowswipevertical.title":"Swipe to Close Channel","preferences.allowswipevertical.description":"This options enables you to swipe vertically to close a channel when it's open.","preferences.allowdoubleclick.title":"Double-Click to Open a Cahannel","preferences.holdempty.title":"Hold Empty Channel to Make a New One","preferences.holdsdcard.description":"This option allows you to hold the SD card button in order to change its color (blue or gray).","preferences.horizontal.title":"Enable Widescreen Mode (Experimental)","preferences.horizontal.description":"Enable this to be able to use the Home Menu in landscape mode. Doesn't apply anywhere else.","preferences.reloaddb.title":"Update Game Database","preferences.deleteaccount.title":"How To Delete My Account?","preferences.restart.title":"Restart App","preferences.standalonebrowser.title":"Fix File Browsers","preferences.standalonebrowser.description":"This option replaces the native file + image browser with a standalone file browser embedded in the app.\n\nThis could fix crashes that occur when the app imports or exports data.","preferences.autoloadanims.title":"Automatically Load Channels","preferences.autoloadanims.description":"When enabled, the app will automatically load channels instead of waiting for an input. Recommended for mobile.","preferences.loadbannersatboot.title":"Persistent Banner Load","preferences.navigationbar.title":"Show Navigation Bar?","preferences.gridsize.title":"Menu Grid Size","preferences.gridsize.description":"You can adjust how many channels appear on screen. (2x6 by default.)","preferences.gridsize.big":"Large ({0}x{1})","preferences.gridsizehorizontal.title":"App Rows","preferences.gridsizevertical.title":"App Columns","ap.button.uploadanims":"Upload Animations","ap.button.browseanims":"Browse Animations","ap.button.updateanims":"Update Animations","ap.button.uploadcontent":"Upload Content","ap.button.browsecontent":"Browse Content","ap.button.updatecontent":"Update Content","ap.button.uploadthemes":"Upload Themes","ap.button.browsethemes":"Browse Themes","ap.button.updatethemes":"Update Themes","ap.button.updatemine":"Update Used","ap.button.updateall":"Update All","ap.button.download":"Download","ap.button.review":"Review","ap.button.reviewratings":"Review Ratings","ap.button.reviewcontent":"Review Content","ap.title.checkemail":"An email has been sent with a code to log in.\nPlease introduce it below.\nIf you haven't received it, make sure to check your \"Spam\" folder","ap.title.uploadanim":"Upload New Animation\t","ap.title.updateanim":"Update Animation\t","ap.title.uploadtheme":"Upload Theme\t","ap.title.updatetheme":"Update Theme\t","ap.title.animname":"Name\t","ap.title.animdescription":"Description\t","ap.title.chosenicon":"Icon","ap.title.chosenbanner":"Banner","ap.title.chosentheme":"Theme","ap.title.all":"All","ap.title.byauthor":"By: {0}","ap.title.addreview":"Leave a review. Innapropriate reviews will be taken down.","ap.title.updatemine":"Update Current Content\t","ap.title.updateall":"Update All Content","ap.title.connecting":"Connecting...","ap.title.replacescolor":"Has Colors\t","ap.title.replacestexture":"Has Graphics\t","ap.title.replacesaudio":"Has Sounds","ap.title.customhub":"Alternative Hub Directory","ap.title.rotatecircle":"Rotate Loading Circle","ap.title.timeout":"Time Limit per Downloads","popup.welcome":"Welcome to RiiSU! A theme for Revo Launcher inspired by iiSU!\n\nIn order to create a new channel, hold an empty channel.\n\nIf you want to view all your apps, click the SD button.\n\nTo learn more about the app, click the button on the bottom left, and then the '?' icon.\n\nMake sure to support the iiSU and Revo Launcher devs!","popup.discardchannel":"Are you sure you want to leave without saving changes?\n\nPress Yes to exit, Press No to Return","popup.cloneimage":"Would you like to copy this image?","popup.cloneanim":"Would you like to copy this animation?","popup.credits":"Revo Launcher is alive thanks to...!\n\n - All the mods, reviewers, testers and translators, that lent their time to improve the app\n\n - GameTDB & libretro-thumbnails (for providing emulator game covers), SuperDuperRob (for compiling some upscaled textures in the Dolphin forums), SuperDave938 (for editing some icons in the settings menu)\n\n - Kaz (For Revo Launcher)\n- UsagiShade for iiSU\n- ElastedAlorian for making this theme.","popup.addchannel":"Would you like to place a new channel here?","popup.pairwiimotes":"Wii Remote pairing has started!\n\nIf you wanna learn how to pair your Wiimotes, please check the Revo Launcher wiki.","popup.updatingtitles":"Updating Database...","popup.updatedtitles":"Updated All Titles!","popup.clonedtheme":"Copied theme {0}!","popup.confirmresetwallpaper":"Are you sure you want to remove your current wallpaper?","popup.deletethemewallpaper":"Are you sure you want to remove this theme's wallpaper?","popup.editforbiddentheme":"You cannot edit the default themes! Please make a copy if you would like to make an edit!","popup.deleteforbiddentheme":"You can't delete the default themes!","popup.usewallpaper":"This theme has a wallpaper included.\nWould you like to use it as well?","warning.link":"<color=#79ADEF>www.karuzohikari.com/RevoLauncher/Wiki</color>\n<color=#343434>RiiSU Theme for Revo Launcher is unafilliated with iiSU.</color>","":"unused?"}