{"rotatesHubCircle":false,"wallpaper":{"textureName":"wallpaper","imageFileName":"iiSU Background With Layer.png","filePath":"C:/Users/Alory/AppData/LocalLow/KaruzoHikari/Revo Launcher/Temp/Deserialize/theme_riisutheme_1759635476735/iiSU Background With Layer.png","isGif":false,"isVideo":false,"gifFrame":0,"gifDelay":0.0},"isDefaultTheme":false,"innerVersion":7,"colorMap":{"MainAccent":{"r":0.447058827,"g":0.419607848,"b":0.470588237,"a":1.0},"HomeArrows":{"r":1.0,"g":1.0,"b":1.0,"a":1.0},"HomeBackground":{"r":1.0,"g":1.0,"b":1.0,"a":1.0},"HomeBar":{"r":0.917647064,"g":0.917647064,"b":0.917647064,"a":1.0},"HomeCircleButtonsBackground":{"r":1.0,"g":1.0,"b":1.0,"a":1.0},"HomeCircleButtonsIcons":{"r":0.447058827,"g":0.419607848,"b":0.470588237,"a":1.0},"BannerBar":{"r":1.0,"g":1.0,"b":1.0,"a":1.0},"BannerButtons":{"r":1.0,"g":1.0,"b":1.0,"a":1.0},"SettingsBackgroundLight":{"r":0.8862745,"g":0.8862745,"b":0.894117653,"a":1.0},"SettingsButtons":{"r":1.0,"g":1.0,"b":1.0,"a":1.0},"EditorPreviewButtonText":{"r":0.192156866,"g":0.192156866,"b":0.192156866,"a":1.0},"HubBackground":{"r":1.0,"g":1.0,"b":1.0,"a":1.0},"HubButtons":{"r":1.0,"g":1.0,"b":1.0,"a":1.0},"HubAccent":{"r":0.09803922,"g":0.7490196,"b":0.78039217,"a":1.0},"ClockText":{"r":0.447058827,"g":0.419607848,"b":0.470588237,"a":1.0},"DateText":{"r":0.447058827,"g":0.419607848,"b":0.470588237,"a":1.0},"ChannelBorders":{"r":1.0,"g":1.0,"b":1.0,"a":1.0},"ChannelBackground":{"r":1.0,"g":1.0,"b":1.0,"a":1.0},"ChannelHighlight":{"r":0.0,"g":0.8901961,"b":0.9490196,"a":1.0},"ChannelTagButton":{"r":1.0,"g":1.0,"b":1.0,"a":1.0},"ChannelTagText":{"r":0.3882353,"g":0.3882353,"b":0.3882353,"a":1.0},"LiftChannel":{"r":1.0,"g":1.0,"b":1.0,"a":1.0},"BannerButtonsText":{"r":0.286274523,"g":0.286274523,"b":0.286274523,"a":1.0},"ArrowSignButtons":{"r":1.0,"g":1.0,"b":1.0,"a":1.0},"ArrowSignIcon":{"r":1.0,"g":1.0,"b":1.0,"a":1.0},"HomeClip":{"r":1.0,"g":1.0,"b":1.0,"a":1.0},"HomeClipBorders":{"r":0.447058827,"g":0.419607848,"b":0.470588237,"a":1.0},"EditorBackground":{"r":1.0,"g":1.0,"b":1.0,"a":1.0},"EditorButtons":{"r":1.0,"g":1.0,"b":1.0,"a":1.0},"EditorText":{"r":0.196078435,"g":0.196078435,"b":0.196078435,"a":1.0},"EditorButtonsText":{"r":0.196078435,"g":0.196078435,"b":0.196078435,"a":1.0},"EditorPreviewButton":{"r":1.0,"g":1.0,"b":1.0,"a":1.0},"SettingsButtonsText":{"r":0.196078435,"g":0.196078435,"b":0.196078435,"a":1.0},"SettingsButtonsIcons":{"r":1.0,"g":1.0,"b":1.0,"a":1.0},"SettingsBars":{"r":1.0,"g":1.0,"b":1.0,"a":1.0},"SettingsBackgroundDark":{"r":1.0,"g":1.0,"b":1.0,"a":1.0},"SettingsTitleTag":{"r":1.0,"g":1.0,"b":1.0,"a":1.0},"SettingsTitleText":{"r":0.196078435,"g":0.196078435,"b":0.196078435,"a":1.0},"SettingsHelpButton":{"r":1.0,"g":1.0,"b":1.0,"a":1.0},"SettingsHelpIcon":{"r":0.192156866,"g":0.192156866,"b":0.192156866,"a":0.5882353},"ScrollbarMainColor":{"r":1.0,"g":1.0,"b":1.0,"a":1.0},"ScrollbarBackColor":{"r":0.8133767,"g":0.8656573,"b":0.8833548,"a":1.0},"EditorSeparator":{"r":0.490196079,"g":0.490196079,"b":0.490196079,"a":1.0},"SettingsLocalAnimation":{"r":0.843137264,"g":0.8509804,"b":0.9254902,"a":0.3254902},"SettingsOnlineAnimation":{"r":0.6431373,"g":0.6117647,"b":0.5764706,"a":0.796078444},"MainCursorColor":{"r":0.894117653,"g":0.8862745,"b":0.9098039,"a":1.0},"MainCursorNumber":{"r":0.196078435,"g":0.8745098,"b":0.6039216,"a":1.0},"MainCursorBackground":{"r":1.0,"g":1.0,"b":1.0,"a":1.0},"PopupBars":{"r":1.0,"g":1.0,"b":1.0,"a":1.0},"PopupBackground":{"r":1.0,"g":1.0,"b":1.0,"a":1.0},"PopupText":{"r":0.447058827,"g":0.419607848,"b":0.470588237,"a":1.0},"PopupButtons":{"r":1.0,"g":1.0,"b":1.0,"a":1.0},"PopupButtonsText":{"r":0.192156866,"g":0.192156866,"b":0.192156866,"a":1.0},"BooleanTrueBackground":{"r":0.196078435,"g":0.8745098,"b":0.6039216,"a":1.0},"BooleanTrueIcon":{"r":0.0,"g":0.0,"b":0.0,"a":1.0},"BooleanFalseBackground":{"r":0.8745098,"g":0.196078449,"b":0.5693655,"a":1.0},"BooleanFalseIcon":{"r":0.0,"g":0.0,"b":0.0,"a":1.0},"SettingsSliderKnob":{"r":0.309803933,"g":0.309803933,"b":0.309803933,"a":1.0},"SettingsSliderBackground":{"r":1.0,"g":1.0,"b":1.0,"a":1.0},"SettingsButtonBoxes":{"r":1.0,"g":1.0,"b":1.0,"a":1.0},"SettingsBarIcon":{"r":0.3764706,"g":0.3764706,"b":0.3764706,"a":1.0},"SettingsDiscordIcon":{"r":1.0,"g":1.0,"b":1.0,"a":1.0},"SettingsStarIcon":{"r":1.0,"g":1.0,"b":1.0,"a":1.0},"HubSeparators":{"r":0.6431373,"g":0.6431373,"b":0.6431373,"a":1.0},"HubButtonsText":{"r":0.196078435,"g":0.196078435,"b":0.196078435,"a":1.0},"HubSearchButtonIcon":{"r":1.0,"g":1.0,"b":1.0,"a":1.0},"HubText":{"r":0.196078435,"g":0.196078435,"b":0.196078435,"a":1.0},"HubButtonBoxes":{"r":1.0,"g":1.0,"b":1.0,"a":1.0},"SettingsBackgroundThemes":{"r":0.8862745,"g":0.8862745,"b":0.894117653,"a":1.0},"HubStarIcon":{"r":1.0,"g":1.0,"b":1.0,"a":1.0},"HubDownloadsIcon":{"r":0.09433961,"g":0.09433961,"b":0.09433961,"a":1.0},"HubHeartIcon":{"r":1.0,"g":1.0,"b":1.0,"a":1.0},"HubBombIcon":{"r":0.113207519,"g":0.113207519,"b":0.113207519,"a":1.0},"HubReviewsSeparator":{"r":0.08627451,"g":0.7490196,"b":0.78039217,"a":1.0},"HubAnimationButtons":{"r":0.141176477,"g":0.75686276,"b":0.8901961,"a":1.0},"HubAnimationButtonsText":{"r":1.0,"g":1.0,"b":1.0,"a":1.0},"HubAnimationButtonsMidBorder":{"r":1.0,"g":1.0,"b":1.0,"a":1.0},"HubPagesIcon":{"r":1.0,"g":1.0,"b":1.0,"a":1.0},"HubLoadingIcon":{"r":0.0431372561,"g":0.847058833,"b":1.0,"a":1.0},"EditorButtonBoxes":{"r":1.0,"g":1.0,"b":1.0,"a":1.0},"SettingsButtonBoxesText":{"r":0.196078435,"g":0.196078435,"b":0.196078435,"a":1.0},"HubButtonBoxesText":{"r":0.196078435,"g":0.196078435,"b":0.196078435,"a":1.0},"EditorButtonBoxesText":{"r":0.196078435,"g":0.196078435,"b":0.196078435,"a":1.0},"HubTrashIcon":{"r":0.132075489,"g":0.132075489,"b":0.132075489,"a":1.0},"HubAnimationListInstalled":{"r":1.0,"g":0.7941092,"b":0.4474023,"a":1.0},"HubUnheartIcon":{"r":0.149019614,"g":0.149019614,"b":0.149019614,"a":0.5882353},"HubUnstarIcon":{"r":0.254901975,"g":0.254901975,"b":0.254901975,"a":1.0},"HubAnimationListUninstalled":{"r":1.0,"g":1.0,"b":1.0,"a":1.0},"HubAnimationListText":{"r":0.196078435,"g":0.196078435,"b":0.196078435,"a":1.0},"HubReviewsMaxStars":{"r":0.8901961,"g":1.0,"b":0.882352948,"a":1.0},"HubReviewsMinStars":{"r":1.0,"g":0.8745098,"b":0.843137264,"a":1.0},"HubReviewsText":{"r":0.196078435,"g":0.196078435,"b":0.196078435,"a":1.0},"SettingsWrenchIcon":{"r":1.0,"g":1.0,"b":1.0,"a":1.0},"SettingsHomeIcon":{"r":1.0,"g":1.0,"b":1.0,"a":1.0},"HubUploadUpdateIcons":{"r":0.084905684,"g":0.084905684,"b":0.084905684,"a":1.0},"HubAnimationInfoBackground":{"r":1.0,"g":1.0,"b":1.0,"a":1.0},"HubAnimationInfoText":{"r":0.196078435,"g":0.196078435,"b":0.196078435,"a":1.0},"HomeGridShadow":{"r":0.772549033,"g":0.772549033,"b":0.772549033,"a":1.0},"HubAnimationButtonsIcons":{"r":0.0,"g":0.0,"b":0.0,"a":1.0},"MainCursorOutline":{"r":0.196078435,"g":0.8745098,"b":0.6039216,"a":1.0},"WarningScreenTitleIcon":{"r":1.0,"g":1.0,"b":1.0,"a":1.0},"WarningScreenTitleText":{"r":0.992156863,"g":0.992156863,"b":0.992156863,"a":1.0},"WarningScreenDescriptionText":{"r":0.992156863,"g":0.992156863,"b":0.992156863,"a":1.0},"WarningScreenProgressFilled":{"r":0.992156863,"g":0.992156863,"b":0.992156863,"a":1.0},"WarningScreenLoadingText":{"r":0.992156863,"g":0.992156863,"b":0.992156863,"a":1.0},"WarningScreenPressText":{"r":0.992156863,"g":0.992156863,"b":0.992156863,"a":1.0},"WarningScreenAlsoAtText":{"r":0.992156863,"g":0.992156863,"b":0.992156863,"a":1.0},"WarningScreenProgressUnfilled":{"r":0.447058827,"g":0.419607848,"b":0.470588237,"a":1.0},"WarningScreenBackground":{"r":0.0,"g":0.0,"b":0.0,"a":1.0},"HubVerifiedBadge":{"r":1.0,"g":1.0,"b":1.0,"a":1.0},"SdCardCover":{"r":0.0,"g":0.8901961,"b":0.9490196,"a":1.0},"SdCardTag":{"r":1.0,"g":1.0,"b":1.0,"a":1.0},"SdCardCoverDisabled":{"r":0.7764706,"g":0.7764706,"b":0.7764706,"a":1.0},"SettingsBackgroundEdit":{"r":0.5764706,"g":0.5764706,"b":0.5764706,"a":0.3529412},"SettingsRestartIcon":{"r":0.188679218,"g":0.188679218,"b":0.188679218,"a":1.0},"SettingsGestureIcon":{"r":0.192156866,"g":0.192156866,"b":0.192156866,"a":1.0}},"replacementTextures":[{"textureName":"app_logo","imageFileName":"iiSU256.png","filePath":"C:/Users/Alory/AppData/LocalLow/KaruzoHikari/Revo Launcher/Temp/Deserialize/theme_riisutheme_1759635476735/iiSU256.png","isGif":false,"isVideo":false,"gifFrame":0,"gifDelay":0.0},{"textureName":"settings_button_accent","imageFileName":"Settings Accent.png","filePath":"C:/Users/Alory/AppData/LocalLow/KaruzoHikari/Revo Launcher/Temp/Deserialize/theme_riisutheme_1759635476735/Settings Accent.png","isGif":false,"isVideo":false,"gifFrame":0,"gifDelay":0.0},{"textureName":"settings_corners","imageFileName":"SettingsBorder.png","filePath":"C:/Users/Alory/AppData/LocalLow/KaruzoHikari/Revo Launcher/Temp/Deserialize/theme_riisutheme_1759635476735/SettingsBorder.png","isGif":false,"isVideo":false,"gifFrame":0,"gifDelay":0.0},{"textureName":"settings_title","imageFileName":"Blank.png","filePath":"C:/Users/Alory/AppData/LocalLow/KaruzoHikari/Revo Launcher/Temp/Deserialize/theme_riisutheme_1759635476735/Blank.png","isGif":false,"isVideo":false,"gifFrame":0,"gifDelay":0.0},{"textureName":"settings_backgrounds","imageFileName":"Settings Background.png","filePath":"C:/Users/Alory/AppData/LocalLow/KaruzoHikari/Revo Launcher/Temp/Deserialize/theme_riisutheme_1759635476735/Settings Background.png","isGif":false,"isVideo":false,"gifFrame":0,"gifDelay":0.0},{"textureName":"channel_lines","imageFileName":"Blank.png","filePath":"C:/Users/Alory/AppData/LocalLow/KaruzoHikari/Revo Launcher/Temp/Deserialize/theme_riisutheme_1759635476735/Blank.png","isGif":false,"isVideo":false,"gifFrame":0,"gifDelay":0.0},{"textureName":"channel_highlight","imageFileName":"channel_border.png","filePath":"C:/Users/Alory/AppData/LocalLow/KaruzoHikari/Revo Launcher/Temp/Deserialize/theme_riisutheme_1759635476735/channel_border.png","isGif":false,"isVideo":false,"gifFrame":0,"gifDelay":0.0},{"textureName":"grid_shadow","imageFileName":"Blank.png","filePath":"C:/Users/Alory/AppData/LocalLow/KaruzoHikari/Revo Launcher/Temp/Deserialize/theme_riisutheme_1759635476735/Blank.png","isGif":false,"isVideo":false,"gifFrame":0,"gifDelay":0.0},{"textureName":"grid_clip_accent","imageFileName":"Blank.png","filePath":"C:/Users/Alory/AppData/LocalLow/KaruzoHikari/Revo Launcher/Temp/Deserialize/theme_riisutheme_1759635476735/Blank.png","isGif":false,"isVideo":false,"gifFrame":0,"gifDelay":0.0},{"textureName":"grid_clip_mask","imageFileName":"Blank.png","filePath":"C:/Users/Alory/AppData/LocalLow/KaruzoHikari/Revo Launcher/Temp/Deserialize/theme_riisutheme_1759635476735/Blank.png","isGif":false,"isVideo":false,"gifFrame":0,"gifDelay":0.0},{"textureName":"clip_accent","imageFileName":"Blank.png","filePath":"C:/Users/Alory/AppData/LocalLow/KaruzoHikari/Revo Launcher/Temp/Deserialize/theme_riisutheme_1759635476735/Blank.png","isGif":false,"isVideo":false,"gifFrame":0,"gifDelay":0.0},{"textureName":"clip","imageFileName":"Blank.png","filePath":"C:/Users/Alory/AppData/LocalLow/KaruzoHikari/Revo Launcher/Temp/Deserialize/theme_riisutheme_1759635476735/Blank.png","isGif":false,"isVideo":false,"gifFrame":0,"gifDelay":0.0},{"textureName":"bottom_bar","imageFileName":"Blank.png","filePath":"C:/Users/Alory/AppData/LocalLow/KaruzoHikari/Revo Launcher/Temp/Deserialize/theme_riisutheme_1759635476735/Blank.png","isGif":false,"isVideo":false,"gifFrame":0,"gifDelay":0.0},{"textureName":"grid_shadow_line","imageFileName":"Blank.png","filePath":"C:/Users/Alory/AppData/LocalLow/KaruzoHikari/Revo Launcher/Temp/Deserialize/theme_riisutheme_1759635476735/Blank.png","isGif":false,"isVideo":false,"gifFrame":0,"gifDelay":0.0},{"textureName":"channel_border","imageFileName":"channel_border.png","filePath":"C:/Users/Alory/AppData/LocalLow/KaruzoHikari/Revo Launcher/Temp/Deserialize/theme_riisutheme_1759635476735/channel_border.png","isGif":false,"isVideo":false,"gifFrame":0,"gifDelay":0.0},{"textureName":"channel_mask","imageFileName":"channel_mask_solid_retake.png","filePath":"C:/Users/Alory/AppData/LocalLow/KaruzoHikari/Revo Launcher/Temp/Deserialize/theme_riisutheme_1759635476735/channel_mask_solid_retake.png","isGif":false,"isVideo":false,"gifFrame":0,"gifDelay":0.0},{"textureName":"empty1","imageFileName":"Empty Space (Transparent).png","filePath":"C:/Users/Alory/AppData/LocalLow/KaruzoHikari/Revo Launcher/Temp/Deserialize/theme_riisutheme_1759635476735/Empty Space (Transparent).png","isGif":false,"isVideo":false,"gifFrame":0,"gifDelay":0.0},{"textureName":"empty3","imageFileName":"Empty Space (Transparent).png","filePath":"C:/Users/Alory/AppData/LocalLow/KaruzoHikari/Revo Launcher/Temp/Deserialize/theme_riisutheme_1759635476735/Empty Space (Transparent).png","isGif":false,"isVideo":false,"gifFrame":0,"gifDelay":0.0},{"textureName":"empty2","imageFileName":"Empty Space (Transparent).png","filePath":"C:/Users/Alory/AppData/LocalLow/KaruzoHikari/Revo Launcher/Temp/Deserialize/theme_riisutheme_1759635476735/Empty Space (Transparent).png","isGif":false,"isVideo":false,"gifFrame":0,"gifDelay":0.0},{"textureName":"button","imageFileName":"button.png","filePath":"C:/Users/Alory/AppData/LocalLow/KaruzoHikari/Revo Launcher/Temp/AssetsLoad/riisutheme/button.png","isGif":false,"isVideo":false,"gifFrame":0,"gifDelay":0.0},{"textureName":"button_circle","imageFileName":"button_circle.png","filePath":"C:/Users/Alory/AppData/LocalLow/KaruzoHikari/Revo Launcher/Temp/AssetsLoad/riisutheme/button_circle.png","isGif":false,"isVideo":false,"gifFrame":0,"gifDelay":0.0},{"textureName":"star","imageFileName":"icon-star-filled.png","filePath":"C:/Users/Alory/AppData/LocalLow/KaruzoHikari/Revo Launcher/Temp/AssetsLoad/riisutheme/icon-star-filled.png","isGif":false,"isVideo":false,"gifFrame":0,"gifDelay":0.0},{"textureName":"shop_button","imageFileName":"shop_button.png","filePath":"C:/Users/Alory/AppData/LocalLow/KaruzoHikari/Revo Launcher/Temp/AssetsLoad/riisutheme/shop_button.png","isGif":false,"isVideo":false,"gifFrame":0,"gifDelay":0.0},{"textureName":"settings_button","imageFileName":"Settings.png","filePath":"C:/Users/Alory/AppData/LocalLow/KaruzoHikari/Revo Launcher/Temp/AssetsLoad/riisutheme/Settings.png","isGif":false,"isVideo":false,"gifFrame":0,"gifDelay":0.0},{"textureName":"settings_animations","imageFileName":"settings_animations.png","filePath":"C:/Users/Alory/AppData/LocalLow/KaruzoHikari/Revo Launcher/Temp/AssetsLoad/riisutheme/settings_animations.png","isGif":false,"isVideo":false,"gifFrame":0,"gifDelay":0.0},{"textureName":"bucket","imageFileName":"bucket.png","filePath":"C:/Users/Alory/AppData/LocalLow/KaruzoHikari/Revo Launcher/Temp/AssetsLoad/riisutheme/bucket.png","isGif":false,"isVideo":false,"gifFrame":0,"gifDelay":0.0},{"textureName":"pencil","imageFileName":"pencil.png","filePath":"C:/Users/Alory/AppData/LocalLow/KaruzoHikari/Revo Launcher/Temp/AssetsLoad/riisutheme/pencil.png","isGif":false,"isVideo":false,"gifFrame":0,"gifDelay":0.0},{"textureName":"preference_button","imageFileName":"button.png","filePath":"C:/Users/Alory/AppData/LocalLow/KaruzoHikari/Revo Launcher/Temp/AssetsLoad/riisutheme/button.png","isGif":false,"isVideo":false,"gifFrame":0,"gifDelay":0.0}],"replacementAudio":[{"audioClipName":"CLICK_BUTTON","audioFileName":"select.wav","filePath":"C:/Users/Alory/AppData/LocalLow/KaruzoHikari/Revo Launcher/Temp/Deserialize/theme_riisutheme_1759635476735\\select.wav"},{"audioClipName":"CLICK_BUTTON_BACK","audioFileName":"back.wav","filePath":"C:/Users/Alory/AppData/LocalLow/KaruzoHikari/Revo Launcher/Temp/Deserialize/theme_riisutheme_1759635476735\\back.wav"},{"audioClipName":"CLICK_PLUSLESS","audioFileName":"quicksysselect.wav","filePath":"C:/Users/Alory/AppData/LocalLow/KaruzoHikari/Revo Launcher/Temp/Deserialize/theme_riisutheme_1759635476735\\quicksysselect.wav"},{"audioClipName":"CLICK_CHANNEL","audioFileName":"select.wav","filePath":"C:/Users/Alory/AppData/LocalLow/KaruzoHikari/Revo Launcher/Temp/Deserialize/theme_riisutheme_1759635476735\\select.wav"},{"audioClipName":"HOME_MENU_START","audioFileName":"Intro.ogg","filePath":"C:/Users/Alory/AppData/LocalLow/KaruzoHikari/Revo Launcher/Temp/Deserialize/theme_riisutheme_1759635476735\\Intro.ogg"},{"audioClipName":"HOME_MENU_LOOP","audioFileName":"Loop.ogg","filePath":"C:/Users/Alory/AppData/LocalLow/KaruzoHikari/Revo Launcher/Temp/Deserialize/theme_riisutheme_1759635476735\\Loop.ogg"},{"audioClipName":"LEAVE_CHANNEL","audioFileName":"back.wav","filePath":"C:/Users/Alory/AppData/LocalLow/KaruzoHikari/Revo Launcher/Temp/Deserialize/theme_riisutheme_1759635476735\\back.wav"},{"audioClipName":"HOME_START_SOUND","audioFileName":"favorite.wav","filePath":"C:/Users/Alory/AppData/LocalLow/KaruzoHikari/Revo Launcher/Temp/Deserialize/theme_riisutheme_1759635476735\\favorite.wav"},{"audioClipName":"CLICK_WARNING","audioFileName":"select.wav","filePath":"C:/Users/Alory/AppData/LocalLow/KaruzoHikari/Revo Launcher/Temp/Deserialize/theme_riisutheme_1759635476735\\select.wav"},{"audioClipName":"OPEN_CHANNEL","audioFileName":"quicksysselect.wav","filePath":"C:/Users/Alory/AppData/LocalLow/KaruzoHikari/Revo Launcher/Temp/Deserialize/theme_riisutheme_1759635476735\\quicksysselect.wav"},{"audioClipName":"START_CHANNEL","audioFileName":"launch.wav","filePath":"C:/Users/Alory/AppData/LocalLow/KaruzoHikari/Revo Launcher/Temp/Deserialize/theme_riisutheme_1759635476735\\launch.wav"}],"replacementTransform":[{"category":"Date","offset":{"x":-250.0,"y":60.0},"scale":{"x":1.0,"y":1.0},"rotation":0,"position":"BottomRight"},{"category":"Clock","offset":{"x":-250.0,"y":190.0},"scale":{"x":0.9,"y":0.9},"rotation":0,"position":"BottomRight"},{"category":"WiiClip","offset":{"x":0.0,"y":0.0},"scale":{"x":1.0,"y":1.0},"rotation":0,"position":"Neutral"},{"category":"WiiButton","offset":{"x":0.0,"y":0.0},"scale":{"x":1.0,"y":1.0},"rotation":0,"position":"Neutral"},{"category":"MailClip","offset":{"x":0.0,"y":0.0},"scale":{"x":0.9,"y":0.9},"rotation":0,"position":"Neutral"},{"category":"MailButton","offset":{"x":345.0,"y":159.0},"scale":{"x":1.1,"y":1.1},"rotation":0,"position":"BottomLeft"},{"category":"WiiShadow","offset":{"x":0.0,"y":0.0},"scale":{"x":1.0,"y":1.0},"rotation":0,"position":"Neutral"},{"category":"MailShadow","offset":{"x":365.0,"y":159.0},"scale":{"x":1.1,"y":1.1},"rotation":0,"position":"BottomLeft"},{"category":"SdCard","offset":{"x":165.0,"y":25.0},"scale":{"x":1.0,"y":1.0},"rotation":0,"position":"Neutral"},{"category":"RevoClip","offset":{"x":0.0,"y":0.0},"scale":{"x":1.0,"y":1.0},"rotation":0,"position":"Neutral"},{"category":"RevoButton","offset":{"x":0.0,"y":0.0},"scale":{"x":1.0,"y":1.0},"rotation":0,"position":"Neutral"},{"category":"RevoShadow","offset":{"x":0.0,"y":0.0},"scale":{"x":1.0,"y":1.0},"rotation":0,"position":"Neutral"}],"replacementFont":[{"originalFontName":"EditorPreviewButtonText","newFontName":"solheavy.ttf","fontFileName":"solheavy.ttf","filePath":"C:/Users/Alory/AppData/LocalLow/KaruzoHikari/Revo Launcher/Temp/Deserialize/theme_riisutheme_1759635476735\\solheavy.ttf","isSpecialFont":true,"originalLineHeight":-1.0,"specialPlace":"EditorPreviewButtonText"},{"originalFontName":"Regular","newFontName":"contm.ttf","fontFileName":"contm.ttf","filePath":"C:/Users/Alory/AppData/LocalLow/KaruzoHikari/Revo Launcher/Temp/Deserialize/theme_riisutheme_1759635476735\\contm.ttf","isSpecialFont":false,"originalLineHeight":39.0,"specialPlace":"MainAccent"},{"originalFontName":"Bold","newFontName":"contb.ttf","fontFileName":"contb.ttf","filePath":"C:/Users/Alory/AppData/LocalLow/KaruzoHikari/Revo Launcher/Temp/Deserialize/theme_riisutheme_1759635476735\\contb.ttf","isSpecialFont":false,"originalLineHeight":37.0,"specialPlace":"MainAccent"},{"originalFontName":"DateText","newFontName":"contm.ttf","fontFileName":"contm.ttf","filePath":"C:/Users/Alory/AppData/LocalLow/KaruzoHikari/Revo Launcher/Temp/Deserialize/theme_riisutheme_1759635476735\\contm.ttf","isSpecialFont":true,"originalLineHeight":-1.0,"specialPlace":"DateText"},{"originalFontName":"Chapaza SDF","newFontName":"solheavy.ttf","fontFileName":"solheavy.ttf","filePath":"C:/Users/Alory/AppData/LocalLow/KaruzoHikari/Revo Launcher/Temp/Deserialize/theme_riisutheme_1759635476735\\solheavy.ttf","isSpecialFont":false,"originalLineHeight":33.5786133,"specialPlace":"MainAccent"},{"originalFontName":"ClockText","newFontName":"solheavy.ttf","fontFileName":"solheavy.ttf","filePath":"C:/Users/Alory/AppData/LocalLow/KaruzoHikari/Revo Launcher/Temp/Deserialize/theme_riisutheme_1759635476735\\solheavy.ttf","isSpecialFont":true,"originalLineHeight":-1.0,"specialPlace":"ClockText"},{"originalFontName":"MainCursorNumber","newFontName":"nintendo_u_version_3_by_dledeviant_d9u8xn8.ttf","fontFileName":"nintendo_u_version_3_by_dledeviant_d9u8xn8.ttf","filePath":"C:/Users/Alory/AppData/LocalLow/KaruzoHikari/Revo Launcher/Temp/AssetsLoad/riisutheme\\nintendo_u_version_3_by_dledeviant_d9u8xn8.ttf","isSpecialFont":true,"originalLineHeight":-1.0,"specialPlace":"MainCursorNumber"}],"replacementText":[{"language":"English","filePath":"C:/Users/Alory/AppData/LocalLow/KaruzoHikari/Revo Launcher/Temp/Deserialize/theme_riisutheme_1759635476735\\english.json"}],"name":"RiiSU Theme","id":1759635476735,"lastEdited":"2025-10-31T16:07:23.3209558-04:00","forkId":null,"lastVersion":"5.2.4","lastBundle":305}